Name,Manufacturer,Type,Career,Role,Ship Size,Crew Size,Dimensions (m),Mass (kg),Cargo,External Space (kμSCU),Hull HP,SCM,Max Speed,Pitch (deg/s),Yaw (deg/s),Roll (deg/s),Ground top speed,Ground boost top speed,Ground Acceleration,Ground Decelration,Ground Reverse Speed,Hydrogen Capacity (L),QT Fuel Capacity (L),Shield Face Type,Armor Physical DMG Reduction,Armor Energy DMG Reduction,Armor Distortion DMG Reduction,Armor EM Signature Reduction,Armor IR Signal Reduction,Armor CS Signature Reduction,Capacitor Crew Load,Capacitor Crew Regen,Capacitor Turret Load,Capacitor Turret Regen,Base Price,Tags,Purchase Location,Accel (g),S1 Pilot Weapon,S2 Pilot Weapon,S3 Pilot Weapon,S4 Pilot Weapon,S5 Pilot Weapon,QD Size,Civ-A Range,Atmo flight Handling,Atmo flight notes,Fuel Scoop Time (min),Average Flight Time (Min),Atmo Speed (Orison 3.18),Max QT Dist Stock,XL-1 Dist,Subsystems,Max Distance QD,Max QT Dist,Locker Space (SCU),External Space (SCU)
Avenger Stalker,Aegis Dynamics (AEGS),Ship,Combat,Interceptor,2,1,20x15x6.5,50786,0,650.000,11900,184,1307,43,41,152,,,,,,90000,583,Bubble,-50%,,,,,,4 500,3 000,,,"$882,200","Prison Pick Up,Fits in an 890j,Variant,Outruns Antares",New Deal,5.27,,,2,1,,1,77,3,,999999999,89,,59.52,,1. Main Engine,LightFire,119.05,0.000,0.65
Avenger Titan,Aegis Dynamics (AEGS),Ship,Transporter,Courier,2,1,20x15x6.5,51363,8,8000.000,11900,189,1113,46,43,162,,,,,,90000,583,Bubble,-50%,,,,,,4 500,3 000,,,"$785,600","Small Fighter,Prison Pick Up,Fits in an 890j,Bed,Interior",New Deal,5.21,,,2,1,,1,77,3,350 with boost before boost drained,68,156,265,59.52,,1. Main Engine,LightFire,119.05,0.000,8.00
Avenger Titan Renegade,Aegis Dynamics (AEGS),Ship,Transporter,Courier,2,1,20x15x6.5,51158,8,8000.000,11900,189,1113,46,43,162,,,,,,90000,583,Bubble,-50%,,,,,,4 500,3 000,,,"$1,076,600",,,,,,,,,,,,,,,,,,,,,0.000,8.00
Avenger Warlock,Aegis Dynamics (AEGS),Ship,Combat,Interceptor,2,1,20x15x6.5,47232,0,650.000,11900,181,1306,42,40,145,,,,,,90000,583,Bubble,-50%,,,,,,4 500,3 000,,,"$1,155,500","Variant,Outruns Antares",New Deal,5.66,,,2,1,,1,,3,,999999999,89,,59.52,,1. Main Engine,LightFire,119.05,0.000,0.65
Eclipse,Aegis Dynamics (AEGS),Ship,Combat,Stealth Bomber,2,1,24.5x24.5x5,55920,0,0.000,12564,146,981,37,38,140,,,,,,90000,1167,Bubble,-50%,,,-30%,-30%,-30%,10 000,3 000,,,"$3,490,000",Fits in an 890j,New Deal,5.99,,2,,,,1,155,4,,999999999,70,371,70.03,,,LightFire,238.09,0.250,0.00
Gladius,Aegis Dynamics (AEGS),Ship,Combat,Light Fighter,2,1,21x17.5x5.5,51352,0,0.000,9967,208,1236,55,55,200,,,,,,135000,583,Bubble,-50%,,,,,,4 500,3 000,,,"$1,169,900","Small Fighter,Fits in an 890j",New Deal,10.41,,,3,,,1,77,4,,999999999,67,342,31.33,,"1. Main Engine
2. Main Engine",LightFire,119.05,0.250,0.00
Gladius Pirate,Aegis Dynamics (AEGS),Ship,Combat,Light Fighter,2,1,21x17.5x5.5,51352,0,0.000,9967,208,1236,55,55,200,,,,,,135000,583,Bubble,-50%,,,,,,4 500,3 000,,,,,,,,,,,,,,,,,,,,,,,,0.250,0.00
Gladius Valiant,Aegis Dynamics (AEGS),Ship,Combat,Light Fighter,2,1,21x17.5x5.5,50151,0,0.000,9967,208,1236,55,55,200,,,,,,135000,583,Bubble,-50%,,,,,,4 500,3 000,,,"$1,429,800",,,,,,,,,,,,,,,,,,,,,0.250,0.00
Hammerhead,Aegis Dynamics (AEGS),Ship,Combat,Corvette,5,2,120x72x16,4617511,40,40000.000,295600,105,1000,20,18,60,,,,,,15154560,11000,Quadrant,-50%,,,,,,4 500,3 000,1 000 000,1 000 000,"$12,459,900","Bed,Interior",New Deal,5.48,0,,,,,3,222,3,,999999999,200,252,284.68,,"1. Main Engine
2. Main Engine
3. Main Engine
4. Main Engine
5. Turret Base (rear port)
6. Turret Base (rear starboard)
7. Turret Base (top)
8. Turret Base (rear)
9. Turret Base (front port)
10. Turret Base (front starboard)
",Agni,305.01,0.000,40.00
Idris,Aegis Dynamics (AEGS),,,,,,,,,,,,,,,,,,,,,,,,,,,,,,,,,,,,,,,,,,,,,,,,,,,,"1. Main Engine (front port)
2. Main Engine (front starboard)
3. Main Engine (rear port)
4. Main Engine (rear port)
5. Main Engine (rear starboard)
6. Main Engine (rear starboard)
7. Turret Base (bottom starboard midship)
8. Turret Base (bottom port midship)
9. Turret Base (top bow)
10. Turret Base (top port midship)
11. Turret Base (top port aft)
12. Turret Base (top starboard midship)
13. Turret Base (top starboard aft)",,,,0.00
Reclaimer,Aegis Dynamics (AEGS),Ship,Industrial,Heavy Salvage,6,1,160x120x55,9757854,300,180000.000,89002,76,932,15,15,30,,,,,,17540000,11000,Quadrant,-50%,,,,,,15 000,3 000,1 000 000,100 000,"$15,126,400","Bed,Interior",New Deal,1.54,0,,,,,3,222,1,Had to fly in VTOL mode because otherwise it fell like a brick,1462,160,194,284.68,,,Agni,305.01,0.000,180.00
Redeemer,Aegis Dynamics (AEGS),Ship,Combat,Gunship,4,4,51x25x14,444270,2,2000.000,102300,140,960,23,23,65,,,,,,660000,5700,Quadrant,-50%,,,,,,10 000,3 000,80 000,12 000,"$8,675,500","Bed,Interior",New Deal,4.01,,,2,2,,2,679,3,,999999999,62,265,275.23,237.70,,SparkFire,1045.87,4.000,2.00
Retaliator,Aegis Dynamics (AEGS),Ship,Combat,Heavy Bomber,4,1,70.5x44x13.5,343270,0,8000.000,364185,138,942,36,36,125,,,,,,510000,2500,FrontBack,-50%,,,,,,4 500,3 000,60 000,100 000,"$4,031,700","Bed,Interior",New Deal,3.76,0,,,,,2,298,1,Terrible atmo handling,266,169,330,120.71,104.25,,SparkFire,458.72,0.000,8.00
Sabre,Aegis Dynamics (AEGS),Ship,Combat,Stealth Fighter,2,1,24.5x24.5x5,86593,0,0.000,12540,206,1235,43,38,145,,,,,,135000,583,Bubble,-50%,,,-20%,-20%,-20%,5 500,3 000,,,"$2,183,300","Small Fighter,Fits in an 890j",New Deal,8.03,,,4,,,1,77,5,,999999999,36,407,35.01,,,LightFire,119.05,0.250,0.00
Sabre Comet,Aegis Dynamics (AEGS),Ship,Combat,Stealth Fighter,2,1,24.5x24.5x5,86593,0,0.000,12540,206,1235,43,38,145,,,,,,135000,583,Bubble,-50%,,,-20%,-20%,-20%,5 500,3 000,,,"$2,354,100",,,,,,,,,1,,,,,,407,35.01,,,LightFire,119.05,0.250,0.00
Sabre Raven,Aegis Dynamics (AEGS),Ship,Combat,Interceptor,2,1,24.5x24.5x5,70811,0,0.000,13160,205,1305,41,36,150,,,,,,120000,583,Bubble,-50%,,,-20%,-20%,-20%,5 500,3 000,,,,"Fits in an 890j,Variant",n/a,4.96,,,2,,,1,77,,,135,36,332,35.01,,,LightFire,119.05,0.250,0.00
Vanguard Harbinger,Aegis Dynamics (AEGS),Ship,Combat,Heavy Fighter,3,1,48x40x9.5,336604,0,1500.000,42900,171,1022,32,32,120,,,,,,390000,2500,FrontBack,-50%,,,,,,10 000,3 000,20 000,3 000,"$2,050,500","Variant,Bed,Interior",New Deal,5.32,,4,,,1,2,298,5,,130,60,,109.22,104.25,,SparkFire,458.72,0.000,1.50
Vanguard Hoplite,Aegis Dynamics (AEGS),Ship,Combat,Drop Ship,3,1,48x40x9.5,234870,0,1500.000,42400,171,1022,32,32,120,,,,,,390000,2500,FrontBack,-50%,,,,,,10 000,3 000,20 000,3 000,"$3,104,200","Variant,Bed,Interior",New Deal,7.62,,4,,,1,2,298,5,,130,58,253,120.71,104.25,,SparkFire,458.72,0.000,1.50
Vanguard Sentinel,Aegis Dynamics (AEGS),Ship,Combat,Heavy Fighter,3,1,48x40x9.5,232170,0,1500.000,42400,171,1022,32,32,120,,,,,,390000,2500,FrontBack,-50%,,,,,,10 000,3 000,20 000,3 000,"$2,012,000","Variant,Bed,Interior",New Deal,7.71,,4,,,1,2,298,5,,135,58,253,134.92,104.25,,SparkFire,458.72,0.000,1.50
Vanguard Warden,Aegis Dynamics (AEGS),Ship,Combat,Heavy Fighter,3,1,48x40x9.5,244270,0,1500.000,42400,169,1116,32,32,120,,,,,,405000,2500,FrontBack,-50%,,,,,,10 000,3 000,20 000,3 000,"$3,387,800","Bed,Interior",New Deal,7.32,,4,,,1,2,298,5,,999999999,60,,120.71,104.25,,SparkFire,458.72,0.000,1.50
Arrow,Anvil Aerospace (ANVL),Ship,Combat,Light Fighter,2,1,17.25x12.25x4.5,32310,0,0.000,9280,200,1235,53,53,190,,,,,,75000,583,Bubble,-54%,,,,,,4 500,3 000,,,"$972,300","Small Fighter,Fits in an 890j",Astro Armada,12.99,2,,2,,,1,77,4,,726,46,452,31.33,,1. Main Engine,LightFire,119.05,0.250,0.00
Ballista,Anvil Aerospace (ANVL),Vehicle,Ground,Ground,4,2,17x7x5.5,33276,0,1000.000,33600,,,,,,25,,7,1,10,,,Bubble,-54%,,,,,,4 500,3 000,60 000,100 000,"$364,500","Ground Vehicle,Fits in a Hercules","New Deal,Astro Armada",,,,,,,0,0,,,,,,,,,,,0.000,1.00
Ballista Dunestalker,Anvil Aerospace (ANVL),Vehicle,Ground,Ground,4,2,17x7x5.5,33276,0,1000.000,33600,,,,,,25,,7,1,10,,,Bubble,-54%,,,,,,4 500,3 000,60 000,100 000,,,,,,,,,,,,,,,,,,,,,,0.000,1.00
Ballista Snowblind,Anvil Aerospace (ANVL),Vehicle,Ground,Ground,4,2,17x7x5.5,33276,0,1000.000,33600,,,,,,25,,7,1,10,,,Bubble,-54%,,,,,,4 500,3 000,60 000,100 000,,,,,,,,,,,,,,,,,,,,,,0.000,1.00
C8 Pisces,Anvil Aerospace (ANVL),Ship,Exploration,Pathfinder,1,1,16x12x8,48143,4,4000.000,3250,142,1150,42,44,145,,,,,,522500,645,Bubble,,,,,,,3 000,3 000,60 000,100 000,"$400,000",,,,,,,,,,,,,,,,,,,,,0.000,4.00
C8R Pisces Rescue,Anvil Aerospace (ANVL),Ship,Support,Medical,1,1,16x12x8,48143,0,4000.000,3250,164,1150,42,44,145,,,,,,522500,645,Bubble,,,,,,,3 000,3 000,60 000,100 000,,"Prison Pick Up,Fits in a Carrack,Fits in an 890j,Fits in a Hercules,Interior",Astro Armada,5.16,2,,,,,1,85,2,,329,-3088,340,65.82,,"1. Main Engine
2. Main Engine",LightFire,131.63,,4.00
C8X Pisces Expedition,Anvil Aerospace (ANVL),Ship,Exploration,Pathfinder,1,1,16x12x8,48143,4,4000.000,3250,142,1150,42,44,145,,,,,,522500,645,Bubble,,,,,,,3 000,3 000,60 000,100 000,"$406,000","Prison Pick Up,Fits in a Carrack,Fits in an 890j,Fits in a Hercules,Interior",Astro Armada,5.16,4,,,,,1,85,2,,329,-3088,340,65.82,,"1. Main Engine
2. Main Engine",LightFire,131.63,0.000,4.00
Carrack,Anvil Aerospace (ANVL),Ship,Exploration,Expedition,5,6,126x74x30,4397858,456,456000.000,93000,208,1236,28,24,75,,,,,,15786000,44000,Quadrant,-54%,,,,,,75 000,30 000,1 000 000,100 000,"$26,657,500","Bed,Interior",Astro Armada,3.66,0,,,,,3,887,2,,999999999,1493,219,1138.72,,,Agni,1220.05,0.000,456.00
Carrack Expedition,Anvil Aerospace (ANVL),Ship,Exploration,Expedition,5,6,126x74x30,4397858,456,456000.000,93000,208,1236,28,24,75,,,,,,15786000,44000,Quadrant,-54%,,,,,,75 000,30 000,1 000 000,100 000,,,,,,,,,,,,,,,,,,,,,,0.000,456.00
Centurion,Anvil Aerospace (ANVL),Vehicle,Ground,Ground,4,2,17x7x5.5,33276,0,1000.000,33600,,,,,,25,,6,1,9,,,Bubble,-54%,,,,,,4 500,3 000,60 000,100 000,"$287,400",,,,,,,,,,,,,,,,,,,,,0.500,1.00
F7C Hornet,Anvil Aerospace (ANVL),Ship,Combat,Medium Fighter,2,1,28.25x25.5x7.5,74132,0,0.000,22380,192,1229,45,40,150,,,,,,120000,583,Bubble,-54%,,,,,,5 500,3 000,,,"$1,492,700",,,4.83,,2,4,,,1,,,,999999999,87,376,64.00,,,LightFire,119.05,0.250,0.00
F7C Hornet Wildfire,Anvil Aerospace (ANVL),Ship,Combat,Medium Fighter,2,1,28.25x25.5x7.5,74132,0,0.000,22380,192,1229,45,40,150,,,,,,120000,583,Bubble,-54%,,,,,,5 500,3 000,,,"$2,246,100",,,,,,,,,,,,,,,,,,,,,0.250,0.00
F7C-M Hornet Heartseeker,Anvil Aerospace (ANVL),Ship,Combat,Medium Fighter,2,1,28.25x25.5x7.5,78886,0,0.000,22460,192,1229,45,40,150,,,,,,135000,583,Bubble,-54%,,,,,,5 500,3 000,,,,,,,,,,,,,,,,,,,,,,,,0.250,0.00
F7C-M Super Hornet,Anvil Aerospace (ANVL),Ship,Combat,Medium Fighter,2,1,28.25x25.5x7.5,78886,0,0.000,22460,192,1229,45,40,150,,,,,,135000,583,Bubble,-54%,,,,,,5 500,3 000,,,"$2,132,600","Fits in an 890j,Variant",,4.54,2,2,2,,,1,77,1,,999999999,98,375,64.00,,,LightFire,119.05,0.250,0.00
F7C-R Hornet Tracker,Anvil Aerospace (ANVL),Ship,Exploration,Pathfinder,2,1,28.25x25.5x7.5,74197,0,0.000,22380,192,1229,45,40,150,,,,,,120000,583,Bubble,-54%,,,,,,5 500,3 000,,,"$1,832,100",Variant,,4.83,,2,4,,,1,,,,999999999,87,,64.00,,,LightFire,119.05,0.250,0.00
F7C-S Hornet Ghost,Anvil Aerospace (ANVL),Ship,Combat,Stealth Fighter,2,1,28.25x25.5x7.5,73724,0,0.000,22380,192,1229,45,40,150,,,,,,120000,583,Bubble,-54%,,,-10%,-10%,-10%,5 500,3 000,,,"$1,654,100","Small Fighter,Fits in an 890j,Variant",Astro Armada,4.86,2,2,2,,,1,77,3,,999999999,87,,64.00,,,LightFire,119.05,0.250,0.00
Gladiator,Anvil Aerospace (ANVL),Ship,Combat,Bomber,2,1,22.75x21x6,88408,0,0.000,34770,151,983,34,35,116,,,,,,150000,583,Bubble,-54%,,,,,,10 000,3 000,20 000,3 000,"$1,954,500",,Astro Armada,4.78,,,2,,,1,77,1,,999999999,92,332,31.33,,,LightFire,119.05,0.250,0.00
Hawk,Anvil Aerospace (ANVL),Ship,Combat,Light Fighter,2,1,,67066,0,0.000,12200,225,1315,46,42,155,,,,,,105000,583,Bubble,-54%,,,,,,4 500,3 000,,,"$1,284,400","Small Fighter,Prison Pick Up,Fits in an 890j,Bed,Outruns Antares",Astro Armada,9.90,1,4,,,,1,77,3,,999999999,41,360,54.61,,,LightFire,119.05,0.250,0.00
Hurricane,Anvil Aerospace (ANVL),Ship,Combat,Heavy Fighter,2,1,,90245,0,0.000,18586,198,1232,30,31,131,,,,,,135000,583,FrontBack,-54%,,,,,,10 000,3 000,20 000,3 000,"$1,218,300","Small Fighter,Fits in an 890j",Astro Armada,7.45,,,,2,,1,77,2,,968,52,412,59.52,,,LightFire,119.05,0.250,0.00
Legionnaire,Anvil Aerospace (ANVL),,,,,,23.3x32x10.2,,,,,,,,,,,,,,,,,,,,,,,,,,,,,Concept,,,,,,,,,,,,,,,,,,,,,0.00
Spartan,Anvil Aerospace (ANVL),Vehicle,Ground,Ground,4,1,17x7x5.5,36276,0,1000.000,33601,,,,,,26,,7,1,10,,,Bubble,-54%,,,,,,4 500,3 000,60 000,100 000,"$255,500","Ground Vehicle,Fits in a Hercules",Astro Armada,,,,,,,,,,,,,,,,,,,0.500,1.00
Terrapin,Anvil Aerospace (ANVL),Ship,Support,Pathfinder,2,1,20x16.5x7.5,166850,0,650.000,113525,157,1204,35,35,112,,,,,,1045000,950,FrontBack,-54%,,,,,,10 000,3 000,60 000,100 000,"$2,568,100","Prison Pick Up,Fits in an 890j,Bed,Interior",Astro Armada,4.29,,2,1,,,1,126,4,,999999999,291,215,104.24,,,LightFire,193.88,0.000,0.65
Valkyrie,Anvil Aerospace (ANVL),Ship,Combat,Drop Ship,4,1,48x38x12,621046,30,8000.000,44053,165,1100,30,31,110,,,,,,945000,2500,FrontBack,-50%,,,,,,10 000,3 000,60 000,100 000,"$4,454,400","Bed,Interior",Astro Armada,4.66,,2,,,,2,298,4,,69,56,212,229.36,104.25,,SparkFire,458.72,0.000,8.00
Khartu-al,Aopoa (XIAN),Ship,Combat,Light Fighter,3,1,32x13.5x8.75,72711,0,0.000,14640,224,1323,70,70,200,,,,,,1045000,583,Bubble,-50%,,,-10%,-10%,-10%,4 500,3 000,,,"$2,113,900","Outruns Mantis,Outruns Antares",Astro Armada,14.50,,,,2,,1,77,3,,999999999,28,380,64.00,,,LightFire,119.05,0.250,0.00
Nox,Aopoa (XIAN),Ship,Competition,Racing,1,1,5.15x1.45x1.32,1249,0,0.000,1825,80,600,89,89,141,,,,,,15000,,Bubble,-50%,,,,,,1 000,3 000,,,"$349,200","Hoverbike,Fits in a Hercules",Astro Armada,2.45,2,,,,,0,0,,,,,,,,,,,0.000,0.00
MOLE,Argo Astronautics (ARGO),Ship,Industrial,Medium Mining,3,5,45x26x15,1169686,96,96000.000,24800,128,1090,39,36,95,,,,,,660000,2759,FrontBack,-55%,-10%,,,,,3 000,3 000,60 000,100 000,"$5,130,500","Bed,Interior",New Deal,3.27,,2,,,,2,329,,,999999999,37,160,451.92,115.03,,SparkFire,506.15,0.000,96.00
MOLE Carbon,Argo Astronautics (ARGO),Ship,Industrial,Medium Mining,3,5,45x26x15,1169686,96,96000.000,24800,128,1090,39,36,95,,,,,,660000,2759,FrontBack,-55%,-10%,,,,,3 000,3 000,60 000,100 000,,,,,,,,,,,,,,,,,,,,,,0.000,96.00
MOLE Talus,Argo Astronautics (ARGO),Ship,Industrial,Medium Mining,3,5,45x26x15,1169686,96,96000.000,24800,128,1090,39,36,95,,,,,,660000,2759,FrontBack,-55%,-10%,,,,,3 000,3 000,60 000,100 000,,,,,,,,,,,,,,,,,,,,,,0.000,96.00
MPUV Cargo,Argo Astronautics (ARGO),Ship,Transporter,Light Freight,1,1,10.5x9x5,13030,2,2000.000,6820,112,899,25,25,75,,,,,,30000,,Bubble,-55%,-10%,,,,,,,,,"$224,200","Fits in an 890j,Fits in a Hercules",New Deal,1.87,0,,,,,0,0,3,Drifts to the right and down (could be the storm),999999999,192,103,,,,,,0.000,2.00
MPUV Personnel,Argo Astronautics (ARGO),Ship,Transporter,Passenger,1,1,10.5x9x5,13005,0,2000.000,6820,115,919,25,25,75,,,,,,30000,,Bubble,-55%,-10%,,,,,,,,,"$233,000","Fits in an 890j,Fits in a Hercules,Variant",New Deal,1.87,0,,,,,0,,,,999999999,192,103,,,,,,0.000,2.00
RAFT,Argo Astronautics (ARGO),Ship,Industrial,Light Freight,3,2,39.5x23x12,1169686,96,96000.000,41751,135,840,21,21,55,,,,,,2284275,27585,FrontBack,-55%,-10%,,,,,3 000,3 000,20 000,3 000,"$1,853,000","Bed,Interior",New Deal,5.17,2,,,,,2,3287,,,999999999,72,150,4217.89,1150.33,,SparkFire,5061.47,0.800,96.00
Defender,Banu (BANU),Ship,Combat,Light Fighter,2,1,24.5x24.5x5,244726,0,650.000,14100,203,1200,42,42,128,,,,,,430000,2750,FrontBack,-50%,,,,,,5 500,3 000,,,"$2,781,000","Small Fighter,Bed,Interior",Astro Armada,9.30,,,4,,,1,364,5,545 with boost before boost drained,999999999,35,420,147.69,,,LightFire,561.22,0.000,0.65
HoverQuad,Consolidated Outland (CNOU),Ship,Personal Transport,Personal Transport,1,1,5.15x1.45x1.32,1249,0,250.000,3500,125,600,89,89,141,,,,,,16000,,Bubble,-53%,,,,,,,,,,"$88,000","Hoverbike,Fits in a Hercules",Astro Armada,4.98,0,,,,,,,,,,,,,,,,,0.000,0.25
Mustang Alpha,Consolidated Outland (CNOU),Ship,Multi-Role,Starter / Light Freight,2,1,21.5x18x9,34221,4,6000.000,8431,191,1160,54,54,210,,,,,,60000,583,Bubble,-53%,,,,,,4 500,3 000,,,"$251,400",Fits in an 890j,New Deal,11.62,2,2,,,,1,77,2,Pitches up strongly,125,30,,54.61,,"1. Main Engine
2. Main Engine",LightFire,119.05,0.250,6.00
Mustang Beta,Consolidated Outland (CNOU),Ship,Exploration,Pathfinder,2,1,21.5x18x9,41113,0,650.000,8431,188,1216,52,52,200,,,,,,1045000,700,Bubble,-53%,,,,,,4 500,3 000,,,"$404,000","Fits in an 890j,Variant,Bed,Interior",New Deal,9.67,2,2,,,,1,93,2,,4354,500,,65.53,,"1. Main Engine
2. Main Engine",LightFire,142.86,0.000,0.65
Mustang Delta,Consolidated Outland (CNOU),Ship,Combat,Light Fighter,2,1,21.5x18x9,38763,0,0.000,8431,184,1227,54,54,225,,,,,,75000,583,Bubble,-53%,,,-15%,-15%,-15%,4 500,3 000,,,"$763,600","Fits in an 890j,Variant",Astro Armada,10.25,,4,,,,1,77,3,,999999999,35,,54.61,,"1. Main Engine
2. Main Engine",LightFire,119.05,0.250,0.00
Mustang Gamma,Consolidated Outland (CNOU),Ship,Competition,Racing,2,1,21.5x18x9,31565,0,0.000,8431,241,1341,54,54,245,,,,,,60000,583,Bubble,-53%,,,,,,4 500,3 000,,,"$627,500","Fits in an 890j,Variant,Outruns Mantis,Outruns Antares",Astro Armada,14.10,2,,,,,1,77,3,Pitches up strongly,999999999,24,350,54.61,,"1. Main Engine
2. Main Engine",LightFire,119.05,0.250,0.00
Mustang Omega,Consolidated Outland (CNOU),Ship,Competition,Racing,2,1,21.5x18x9,31565,0,0.000,8431,241,1341,54,54,245,,,,,,60000,583,Bubble,-53%,,,,,,4 500,3 000,,,,"Fits in an 890j,Variant,Outruns Mantis,Outruns Antares",,14.10,2,,,,,1,77,,,999999999,24,350,54.61,,"1. Main Engine
2. Main Engine",LightFire,119.05,0.250,0.00
Nomad,Consolidated Outland (CNOU),Ship,Transporter,Light Freight,2,1,27x19x10,228123,24,24000.000,9800,180,1171,42,40,148,,,,,,328000,771,Bubble,-53%,,,,,,3 500,3 000,,,"$952,800","Bed,Interior",New Deal,8.22,,,3,,,1,102,1,Dives,342,33,239,78.65,,,LightFire,157.30,0.000,24.00
A2 Hercules Starlifter,Crusader Industries (CRUS),Ship,Combat,Bomber,5,8,94x70x23,3139240,216,234000.000,82200,135,963,28,24,80,,,,,,13155000,88000,Quadrant,-55%,,,,,,45 000,15 000,1 000 000,100 000,"$5,525,000","Variant,Bed,Interior",Crusader Showroom,7.30,,,,,2,3,1775,4,,999999999,180,234,719.19,,,Agni,2440.11,27.000,234.00
Ares Star Fighter Inferno,Crusader Industries (CRUS),Ship,Combat,Heavy Fighter,3,1,30x27x6,329001,0,0.000,30100,170,1120,30,30,115,,,,,,450000,5000,FrontBack,-50%,,,,,,10 000,3 000,20 000,3 000,"$2,859,000",Variant,Crusader Showroom,8.79,,,,,,2,596,2,Pitches up or down at top speed,999999999,27,368,241.43,208.51,,SparkFire,917.43,1.000,0.00
Ares Star Fighter Ion,Crusader Industries (CRUS),Ship,Combat,Heavy Fighter,3,1,30x27x6,329001,0,0.000,30100,170,1120,30,30,115,,,,,,450000,5000,FrontBack,-50%,,,,,,45 000,15 000,20 000,3 000,"$2,859,000",,,8.79,,,,,,2,596,2,Pitches up or down strongly,999999999,27,336,241.43,208.51,,SparkFire,917.43,1.000,0.00
C2 Hercules Starlifter,Crusader Industries (CRUS),Ship,Transporter,Courier,5,2,94x70x23,3139240,696,672000.000,82200,135,963,28,24,80,,,,,,13155000,88000,Quadrant,-50%,,,,,,45 000,15 000,1 000 000,100 000,"$4,925,500","Bed,Interior","Astro Armada,Crusader Showroom",7.31,,,,,2,3,1775,4,,999999999,179,234,2277.43,,,Agni,2440.11,18.000,672.00
M2 Hercules Starlifter,Crusader Industries (CRUS),Ship,Transporter,Courier,5,3,94x70x23,3139240,522,468000.000,82200,135,963,28,24,80,,,,,,13155000,88000,Quadrant,-55%,,,,,,45 000,15 000,1 000 000,100 000,"$5,225,300","Variant,Bed,Interior",New Deal,7.30,,,,,2,3,1775,4,,999999999,180,234,719.19,,,Agni,2440.11,27.000,468.00
Mercury Star Runner,Crusader Industries (CRUS),Ship,Transporter,Medium Freight,4,1,55x51x19,1615175,114,114000.000,37400,215,1287,30,30,125,,,,,,4850840,9740,FrontBack,-50%,,,,,,10 000,3 000,40 000,6 000,"$4,912,500","Bed,Interior","Astro Armada,New Deal,Crusader Showroom",6.41,,,2,,,2,1160,4,Slowly nosedives,999999999,69,234,1489.30,406.17,,SparkFire,1787.16,0.000,114.00
Buccaneer,Drake Interplanetary (DRAK),Ship,Combat,Light Fighter,2,1,16.75x15.25x5.5,40527,0,0.000,14680,210,1317,46,41,157,,,,,,75000,583,Bubble,-58%,,,,,,5 500,3 000,,,"$1,410,100","Small Fighter,Fits in an 890j,Outruns Antares",New Deal,9.44,2,2,2,,,1,77,3,,999999999,35,317,54.61,,,LightFire,119.05,0.250,0.00
Caterpillar,Drake Interplanetary (DRAK),Ship,Transporter,Medium Freight,5,1,111.5x39.5x13.4,1660063,576,576000.000,45800,99,894,20,20,65,,,,,,2505000,11000,Quadrant,-58%,,,,,,15 000,3 000,1 000 000,100 000,"$4,686,600","Bed,Interior",New Deal,2.72,,,4,,,3,222,4,Pitches up or down slightly,835,85,141,89.90,,,Agni,305.01,0.000,576.00
Caterpillar Pirate,Drake Interplanetary (DRAK),Ship,Transporter,Medium Freight,5,1,111.5x39.5x13.4,1660063,576,576000.000,45800,99,894,20,20,65,,,,,,2505000,11000,Quadrant,-58%,,,,,,15 000,3 000,1 000 000,100 000,,,,,,,,,,,,,,,,,,,,,,0.000,576.00
Corsair,Drake Interplanetary (DRAK),Ship,Exploration,Expedition,4,4,53x30x25,235456,72,1500.000,88000,150,950,27,27,85,,,,,,691200,6900,Quadrant,-58%,,,,,,45 000,15 000,40 000,6 000,,"Bed,Interior",,5.45,,,,2,4,2,,2,Pitches down strongly,,,175,580.76,287.74,"1. Main Engine
2. Main Engine
3. Main Engine
4. Main Engine
5. Main Engine
6. Main Engine
7. Turret Base (side)
8. Turret Base (side)
",SparkFire,1266.06,2.600,1.50
Cutlass Black,Drake Interplanetary (DRAK),Ship,Multi-Role,Medium Fighter / Medium Freight,3,3,37.5x26.5x11.5,246577,46,46000.000,32120,165,1114,30,30,110,,,,,,360000,2500,FrontBack,-58%,,,,,,10 000,3 000,20 000,3 000,"$1,385,300","Bed,Interior",New Deal,5.74,,,4,,,2,298,5,,300,43,253,229.36,104.25,"1. Main Engine
2. Main Engine
3. Main Engine
4. Main Engine
5. Turret Base
",SparkFire,458.72,1.000,46.00
Cutlass Blue,Drake Interplanetary (DRAK),Ship,Multi-Role,Medium Fighter / Medium Freight,3,3,37.5x26.5x11.5,226700,12,12000.000,33170,198,1300,30,30,110,,,,,,360000,2500,FrontBack,-58%,,,,,,10 000,3 000,20 000,3 000,,"Variant,Bed,Interior",,6.24,,,4,,,2,298,2,,300,43,,382.26,104.25,,SparkFire,458.72,1.000,12.00
Cutlass Red,Drake Interplanetary (DRAK),Ship,Multi-Role,Medical,3,2,37.5x26.5x11.5,226700,12,12000.000,30920,183,1198,30,30,110,,,,,,360000,2500,FrontBack,-58%,,,,,,10 000,3 000,20 000,3 000,,"Variant,Bed,Interior",New Deal,6.24,,,4,,,2,298,1,,300,43,253,382.26,104.25,"1. Main Engine
2. Main Engine
3. Main Engine
4. Main Engine
5. Turret Base
",SparkFire,458.72,1.000,12.00
Cutlass Steel,Drake Interplanetary (DRAK),Ship,Combat,Drop Ship,3,3,37.5x26.5x11.5,246577,0,1500.000,32120,150,900,30,30,110,,,,,,360000,2500,FrontBack,-58%,,,,,,10 000,3 000,20 000,3 000,"$1,355,300","Variant,Bed,Interior",New Deal,5.74,,,4,,,2,298,1,Pitches down dramatically,300,43,253,120.71,104.25,,SparkFire,458.72,1.000,1.50
Cutter,Drake Interplanetary (DRAK),Ship,Starter,Starter,2,1,20x16x6,86877,4,650.000,18600,160,1050,32,32,130,,,,,,293400,6000,Bubble,-58%,,,,,,4 500,3 000,20 000,3 000,,"Bed,Interior",,5.15,,2,,,,1,,4,,,,183,1020.41,,,LightFire,1224.49,0.650,0.65
Dragonfly,Drake Interplanetary (DRAK),Ship,Competition,Racing,1,1,7x2.5x2,2068,0,0.000,2120,85,500,72,72,137,,,,,,15000,,Bubble,-58%,,,,,,1 000,3 000,,,"$272,700","Hoverbike,Fits in a Hercules",New Deal,4.44,2,,,,,0,0,,,,,,,,,,,0.125,0.00
Dragonfly Star Kitten,Drake Interplanetary (DRAK),Ship,Competition,Racing,1,1,7x2.5x2,2068,0,0.000,2120,85,500,72,72,137,,,,,,15000,,Bubble,-58%,,,,,,1 000,3 000,,,,,,,,,,,,,,,,,,,,,,,,0.125,0.00
Dragonfly Yellowjacket,Drake Interplanetary (DRAK),Ship,Competition,Racing,1,1,7x2.5x2,2068,0,0.000,2120,85,500,72,72,137,,,,,,15000,,Bubble,-58%,,,,,,1 000,3 000,,,,,,,,,,,,,,,,,,,,,,,,0.125,0.00
Herald,Drake Interplanetary (DRAK),Ship,Transporter,Medium Data,2,1,24.75x12.5x9,65705,0,650.000,6500,174,1361,40,38,165,,,,,,105000,583,Bubble,-58%,,,,,,3 000,3 000,,,"$1,181,100","Fits in an 890j,Bed,Interior,Outruns Mantis,Outruns Antares",New Deal,9.89,,2,1,,,1,77,4,,999999999,24,474,59.52,,,LightFire,119.05,0.000,0.65
Mule,Drake Interplanetary (DRAK),Vehicle,Ground,Ground,1,1,8.75x6x3.5,2000,1,125.000,10600,,,,,,32,,8,12,7,,,Bubble,-58%,,,,,,,,,,"$15,000",,,,,,,,,,,,,,,,,,,,,0.125,0.13
Vulture,Drake Interplanetary (DRAK),Ship,Industrial,Light Salvage,2,1,34x16x9,186103,12,650.000,32700,165,1114,30,30,100,,,,,,360000,583,Bubble,-58%,,,,,,3 000,3 000,,,,"Interior,Bed",,3.94,2,,,,,1,,,,,,149,100.57,,"1. Main Engine
2. Main Engine",LightFire,119.05,0.650,0.65
Blade,Esperia (ESPR),Ship,Combat,Light Fighter,2,1,20.5x16.5x5.5,27019,0,0.000,7250,214,1238,55,55,198,,,,,,522500,583,Bubble,-52%,,,,,,4 500,3 000,,,"$3,370,600",,Astro Armada,11.25,,2,2,,,1,,4,,999999999,20,351,54.61,,"1. Main Engine
2. Main Engine",LightFire,119.05,0.000,0.00
Glaive,Esperia (ESPR),Ship,Combat,Medium Fighter,3,1,33x24x9,76520,0,0.000,17502,181,1225,36,35,136,,,,,,1045000,583,Bubble,-52%,,,,,,10 000,3 000,,,,,,9.50,2,,,,2,1,77,,,999999999,22,443,31.33,,,LightFire,119.05,0.250,0.00
Prowler,Esperia (ESPR),Ship,Combat,Drop Ship,3,1,34x32x15,171700,0,1500.000,21950,178,1116,32,32,125,,,,,,390000,2500,FrontBack,-50%,,,-30%,-30%,-30%,10 000,3 000,60 000,100 000,"$4,248,200",Interior,Astro Armada,5.63,,,2,,2,2,298,4,,999999999,68,274,134.92,104.25,,SparkFire,458.72,0.000,1.50
Talon,Esperia (ESPR),Ship,Combat,Fighter,1,1,24x15x8,51352,0,0.000,18730,208,1236,56,57,215,,,,,,80000,583,Bubble,-50%,,,-30%,-30%,-30%,4 500,3 000,,,"$1,854,500",Small Fighter,Astro Armada,14.51,,,,2,,1,77,5,,999999999,20,311,35.01,,,LightFire,119.05,0.250,0.00
Talon Shrike,Esperia (ESPR),Ship,Combat,Fighter,1,1,24x15x8,51352,0,0.000,18730,208,1236,56,57,215,,,,,,80000,583,Bubble,-50%,,,-30%,-30%,-30%,4 500,3 000,,,"$2,259,200",Variant,Astro Armada,14.51,,2,,,,1,77,5,,999999999,20,,35.01,,,LightFire,119.05,0.250,0.00
PTV,Greycat Industrial (GRIN),Vehicle,Ground,Ground,1,1,3.5x2.5x2.2,1500,0,0.000,2450,,,,,,20,,8,5,7,10000,,,,,,,,,,,,,"$5,000","Ground Vehicle,Fits in a Hercules",Astro Armada,,,,,,,0,0,,,,,,,,,,,0.000,0.00
ROC,Greycat Industrial (GRIN),Vehicle,Ground,Light Mining,1,1,6x3.9x3.5,2000,0,125.000,9410,,,,,,32,,10,10,19,,,Bubble,-50%,,,,,,,,,,"$172,000","Ground Vehicle,Fits in a Hercules",New Deal,,,,,,,0,0,,,,,,,,,,,0.000,0.13
ROC-DS,Greycat Industrial (GRIN),Vehicle,Ground,Light Mining,1,2,6.6x5x3.5,2000,0,125.000,12402,,,,,,28,,7,8,15,,,Bubble,-50%,,,,,,,,,,"$176,500",,,,,,,,,,,,,,,,,,,,,0.000,0.13
STV,Greycat Industrial (GRIN),Vehicle,Ground,Ground,1,2,8.75x6x3.5,2500,0,125.000,10250,,,,,,40,,6,3,25,,,,-58%,,,,,,,,,,"$12,000","Ground Vehicle,Fits in a Hercules",Astro Armada,,,,,,,,,,,,,,,,,,,0.125,0.13
P-52 Merlin,Kruger Intergalatic (KRIG),Ship,Combat,Snub Fighter,1,1,12x5.25x3,8479,0,0.000,3880,202,1028,62,62,215,,,,,,15000,,Bubble,-50%,,,,,,3 000,3 000,,,"$135,500","Fits in a Carrack,Fits in an 890j,Fits in a Hercules",Astro Armada,16.83,2,,,,,0,0,3,,999999999,19,356,,,,,,0.000,0.00
P-72 Archimedes,Kruger Intergalatic (KRIG),Ship,Competition,Racing,1,1,12x5.25x3,8479,0,0.000,3880,248,1340,64,64,225,,,,,,15000,,Bubble,-50%,,,,,,3 000,3 000,,,"$150,000","Fits in a Carrack,Fits in an 890j,Fits in a Hercules,Variant,Outruns Mantis,Outruns Antares",Astro Armada,14.00,4,,,,,0,0,2,,71,25,419,,,,,,0.000,0.00
P-72 Archimedes Emerald,Kruger Intergalatic (KRIG),Ship,Competition,Racing,1,1,12x5.25x3,8479,0,0.000,3880,248,1340,64,64,225,,,,,,15000,,Bubble,-50%,,,,,,3 000,3 000,,,,,,,,,,,,,,,,,,,,,,,,0.000,0.00
Freelancer,Musashi Industrial & Starflight Concern (MISC),Ship,Transporter,Medium Freight,3,1,38x23.5x9.5,231696,66,66000.000,30200,154,1005,30,30,110,,,,,,360000,2500,FrontBack,-52%,,,,,,10 000,3 000,20 000,3 000,"$1,697,600","Bed,Interior",New Deal,4.22,,,4,,,2,298,2,,120,69,,229.36,104.25,,SparkFire,458.72,0.000,66.00
Freelancer DUR,Musashi Industrial & Starflight Concern (MISC),Ship,Exploration,Expedition,3,1,38x23.5x9.5,234718,36,28000.000,20400,154,1005,30,30,110,,,,,,1045000,5000,FrontBack,-53%,,,,,,10 000,3 000,20 000,3 000,"$1,967,600","Variant,Bed,Interior",,4.17,,,4,,,2,596,,,348,138,200,458.72,208.51,,SparkFire,917.43,0.000,28.00
Freelancer MAX,Musashi Industrial & Starflight Concern (MISC),Ship,Transporter,Heavy Freight,3,1,38x34x9.5,360208,120,122000.000,19200,154,1005,30,30,135,,,,,,585000,2500,FrontBack,-52%,,,,,,10 000,3 000,20 000,3 000,"$2,181,500","Variant,Bed,Interior",New Deal,5.43,,,4,,,2,298,2,,195,51,281,229.36,104.25,,SparkFire,458.72,0.000,122.00
Freelancer MIS,Musashi Industrial & Starflight Concern (MISC),Ship,Combat,Gunship,3,1,38x23.5x9.5,236353,36,28000.000,19200,154,1005,32,32,105,,,,,,375000,2500,FrontBack,-53%,,,,,,10 000,3 000,20 000,3 000,"$2,537,800","Variant,Bed,Interior",New Deal,4.14,,,4,,,2,298,2,,125,72,199,120.71,104.25,,SparkFire,458.72,0.000,28.00
Hull A,Musashi Industrial & Starflight Concern (MISC),Ship,Transporter,Light Freight,2,1,30x12.5x8,122650,64,48000.000,110200,108,1000,30,30,100,,,,,,164000,10000,Bubble,-52%,,,,,,3 000,3 000,60 000,100 000,"$1,375,500","Fits in a Hercules,Interior,Bed",,,2,,,,,1,1325,,,,,140,1724.14,,,LightFire,2040.82,0.200,48.00
Prospector,Musashi Industrial & Starflight Concern (MISC),Ship,Industrial,Light Mining,2,1,26.5x16.5x8,137396,32,650.000,18770,150,1155,28,29,94,,,,,,210000,583,Bubble,-52%,,,,,,3 000,3 000,60 000,100 000,"$2,061,000","Bed,Interior",New Deal,3.71,2,,,,,1,77,5,,269,75,175,100.57,,,LightFire,119.05,0.000,0.65
Razor,Musashi Industrial & Starflight Concern (MISC),Ship,Competition,Racing,1,1,12.5x9x3,11701,0,0.000,9400,252,1345,60,60,215,,,,,,30000,583,Bubble,-52%,,,,,,4 500,3 000,,,"$1,761,200","Fits in a Carrack,Fits in an 890j,Fits in a Hercules,Outruns Mantis,Outruns Antares",,13.50,,2,,,,1,77,2,,999999999,33,318,119.04,,"1. Main Engine
2. Main Engine",LightFire,119.05,0.150,0.00
Razor EX,Musashi Industrial & Starflight Concern (MISC),Ship,Combat,Stealth Fighter,1,1,12.5x9x3,11700,0,0.000,9400,252,1345,60,60,215,,,,,,30000,583,Bubble,-52%,,,-5%,-5%,-5%,4 500,3 000,,,"$1,878,800","Fits in a Carrack,Fits in an 890j,Fits in a Hercules,Variant,Outruns Mantis,Outruns Antares","New Deal,Astro Armada",13.50,,2,,,,1,77,3,,999999999,33,318,35.01,,"1. Main Engine
2. Main Engine",LightFire,119.05,0.150,0.00
Razor LX,Musashi Industrial & Starflight Concern (MISC),Ship,Competition,Racing,1,1,12.5x9x3,11701,0,0.000,2900,275,1400,60,60,215,,,,,,30000,583,Bubble,-52%,,,,,,4 500,3 000,,,"$1,823,800","Fits in a Carrack,Fits in an 890j,Fits in a Hercules,Variant,Outruns Mantis,Outruns Antares",,14.22,,2,,,,1,77,,,999999999,31,327,119.04,,"1. Main Engine
2. Main Engine",LightFire,119.05,0.150,0.00
Reliant Kore,Musashi Industrial & Starflight Concern (MISC),Ship,Multi-Role,Starter / Light Freight,3,1,28.5x14.75x4.5,39353,6,6000.000,15260,166,1150,45,44,145,,,,,,105000,583,Bubble,-52%,,,,,,5 500,3 000,,,"$744,700",Interior,New Deal,3.24,2,4,,,,1,77,,,219,200,261,54.61,,,LightFire,119.05,0.000,6.00
Reliant Mako,Musashi Industrial & Starflight Concern (MISC),Ship,Multi-Role,Reporting,3,1,28.5x14.75x4.5,39353,0,250.000,15260,166,1150,45,44,145,,,,,,105000,583,Bubble,-52%,,,,,,5 500,3 000,,,"$780,000","Variant,Interior",New Deal,3.24,,6,,,,1,77,,,438,174,261,35.01,,,LightFire,119.05,0.000,0.25
Reliant Sen,Musashi Industrial & Starflight Concern (MISC),Ship,Multi-Role,Light Science,3,1,28.5x14.75x4.5,39353,0,250.000,15260,166,1150,45,44,145,,,,,,105000,583,Bubble,-52%,,,,,,5 500,3 000,,,"$840,000","Variant,Interior",New Deal,3.24,,6,,,,1,,,,438,174,,100.57,,,LightFire,119.05,0.000,0.25
Reliant Tana,Musashi Industrial & Starflight Concern (MISC),Ship,Multi-Role,Light Fighter,3,1,28.5x14.75x4.5,39168,1,250.000,15260,166,1150,45,44,145,,,,,,75000,583,Bubble,-52%,,,,,,5 500,3 000,,,"$870,000","Variant,Interior",New Deal,3.26,2,,2,,,1,77,5,,999999999,110,261,31.33,,,LightFire,119.05,0.000,0.25
Starfarer,Musashi Industrial & Starflight Concern (MISC),Ship,Support,Heavy Refuelling,5,1,102x48.5x24.5,3555606,291,295000.000,58900,85,888,20,20,35,,,,,,6522000,11000,Quadrant,-52%,,,,,,15 000,3 000,1 000 000,100 000,"$6,651,500","Bed,Interior",New Deal,2.72,,,,4,,3,222,,,1087,100,208,284.68,,,Agni,305.01,0.000,295.00
Starfarer Gemini,Musashi Industrial & Starflight Concern (MISC),Ship,Support,Heavy Refuelling,5,2,102x48.5x24.5,3583690,291,295000.000,58900,88,889,20,20,35,,,,,,6522000,11000,Quadrant,-52%,,,,,,15 000,3 000,1 000 000,100 000,"$6,191,500","Variant,Bed,Interior",New Deal,1.96,,,,4,,3,222,1,,1087,139,178,89.90,,"1. Main Engine
2. Main Engine
3. Main Engine
4. Turret Base
5. Turret Base
6. Turret Base",Agni,305.01,0.000,295.00
85X Limited,Origin Jumpworks (ORIG),Ship,Exploration,Luxury,1,1,14x13.5x4,19834,0,0.000,2800,190,1183,48,48,180,,,,,,45000,625,Bubble,-52%,,,,,,3 000,3 000,,,"$574,500","Fits in a Carrack,Fits in an 890j,Fits in a Hercules",New Deal,14.87,4,,,,,1,83,2,Drifts upward at top speed,999999999,30,407,33.57,,,LightFire,127.55,0.250,0.00
100i,Origin Jumpworks (ORIG),Ship,Exploration,Starter / Pathfinder,1,1,19x12x5,48143,2,2000.000,4450,210,1000,50,50,195,,,,,,65000,700,Bubble,-52%,,,,,,4 500,3 000,,,"$654,000","Prison Pick Up,Fits in a Carrack,Fits in an 890j,Fits in a Hercules,Bed,Interior","New Deal,Astro Armada",11.80,,,2,,,1,93,4,,36,27,321,71.43,,,LightFire,142.86,0.000,2.00
125a,Origin Jumpworks (ORIG),Ship,Combat,Light Fighter,1,1,19x12x5,48143,2,2000.000,4450,230,1150,51,51,210,,,,,,65000,700,Bubble,-52%,,,,,,4 500,3 000,,,"$791,000","Prison Pick Up,Fits in a Carrack,Fits in an 890j,Fits in a Hercules,Variant,Bed,Interior",New Deal,11.80,,,2,,,1,93,4,,36,27,321,71.43,,,LightFire,142.86,0.000,2.00
135c,Origin Jumpworks (ORIG),Ship,Exploration,Light Freight,1,1,19x12x5,48143,6,6000.000,4450,190,1095,53,53,212,,,,,,65000,700,Bubble,-52%,,,,,,4 500,3 000,,,"$839,000","Prison Pick Up,Fits in a Carrack,Fits in an 890j,Fits in a Hercules,Variant,Bed,Interior",Astro Armada,11.80,,,2,,,1,93,,,36,27,321,71.43,,,LightFire,142.86,0.000,6.00
300i,Origin Jumpworks (ORIG),Ship,Exploration,Luxury,2,1,27x17x8,79677,8,8000.000,9650,204,1188,45,40,150,,,,,,105000,680,Bubble,-52%,,,,,,4 500,3 000,,,"$767,200","Fits in an 890j,Bed,Interior",Astro Armada,9.66,,,3,,,1,90,2,Pitches up,146,49,312,69.39,,1. Main Engine,LightFire,138.78,0.650,8.00
315p,Origin Jumpworks (ORIG),Ship,Exploration,Pathfinder,2,1,27x17x8,80592,12,12000.000,9650,210,1223,45,42,165,,,,,,1045000,830,Bubble,-52%,,,,,,4 500,3 000,,,"$882,600","Fits in an 890j,Variant,Bed,Interior",Astro Armada,9.55,,,2,,,1,110,,,1451,486,306,143.10,,1. Main Engine,LightFire,169.39,0.650,12.00
325a,Origin Jumpworks (ORIG),Ship,Combat,Interceptor,2,1,27.5x17x8,79324,4,4000.000,9650,225,1235,45,45,167,,,,,,105000,583,Bubble,-52%,,,,,,4 500,3 000,,,"$944,200","Fits in an 890j,Variant,Bed,Interior",Astro Armada,9.70,,,2,1,,1,77,2,Pitches up and rolls right slightly,999999999,44,305,31.33,,1. Main Engine,LightFire,119.05,0.650,4.00
350r,Origin Jumpworks (ORIG),Ship,Competition,Racing,2,1,27x17x8,88107,4,4000.000,3050,258,1347,54,54,195,,,,,,157500,583,Bubble,-52%,,,,,,4 500,3 000,,,"$1,602,100","Fits in an 890j,Variant,Bed,Interior,Outruns Mantis,Outruns Antares",Astro Armada,10.24,,,3,,,1,77,,,999999999,4,332,64.00,,1. Main Engine,LightFire,119.05,0.000,4.00
400i,Origin Jumpworks (ORIG),Ship,Exploration,Luxury,4,3,56x32x12.5,430057,42,42000.000,80500,185,1250,29,29,75,,,,,,5339744,4920,Quadrant,-50%,,,,,,10 000,3 000,40 000,6 000,"$6,352,700","Bed,Interior",Astro Armada,5.40,,,,2,,2,586,5,,1780,380,356,414.11,205.17,,SparkFire,902.75,0.000,42.00
600i,Origin Jumpworks (ORIG),Ship,Exploration,Luxury,5,1,91.5x52x17,1622067,40,40000.000,106100,109,955,30,30,50,,,,,,2385000,3000,Quadrant,-52%,,,,,,45 000,15 000,1 000 000,100 000,"$9,475,100","Bed,Interior",Astro Armada,3.58,,,,,3,2,357,4,,265,89,167,275.23,125.10,,SparkFire,550.46,0.000,40.00
600i Executive Edition,Origin Jumpworks (ORIG),Ship,Exploration,Luxury,5,1,91.5x52x17,1622067,40,40000.000,106100,109,955,30,30,50,,,,,,2385000,3000,Quadrant,-52%,,,,,,45 000,15 000,1 000 000,100 000,,,,,,,,,,,,,,,,,,,,,,0.000,40.00
600i Touring,Origin Jumpworks (ORIG),Ship,Exploration,Luxury,5,1,91.5x52x17,1613414,16,16000.000,106100,109,955,30,30,50,,,,,,2385000,3000,Quadrant,-52%,,,,,,45 000,15 000,1 000 000,100 000,"$9,894,000","Variant,Bed,Interior",Astro Armada,3.60,,,,,3,2,357,,,265,89,167,275.23,125.10,,SparkFire,550.46,0.000,16.00
890 Jump,Origin Jumpworks (ORIG),Ship,Exploration,Luxury,6,1,210x80x45,44237159,100,460000.000,153200,80,900,20,20,40,,,,,,15000000,25000,Quadrant,-52%,,,,,,4 500,3 000,1 000 000,100 000,"$32,294,500","Bed,Interior","New Deal,Astro Armada",1.87,0,,,,,4,408,4,,417,1204,240,407.83,,,Allegro,407.83,0.000,460.00
M50 Interceptor,Origin Jumpworks (ORIG),Ship,Competition,Racing,1,1,11.5x11x3.5,10552,0,0.000,5221,246,1343,50,56,220,,,,,,30000,583,Bubble,-52%,,,,,,4 500,3 000,,,"$1,193,800","Fits in a Carrack,Fits in an 890j,Fits in a Hercules,Outruns Mantis,Outruns Antares",New Deal,13.92,,2,,,,1,77,1,,999999999,35,385,119.05,,,LightFire,119.05,0.150,0.00
Apollo Medivac,Roberts Space Industries (RSI),,,,,,30x43x10,376500,28,,,195,,,,,,,,,,,3000,,,,,,,,,,,,,Concept,,,,2,,,,2,357,,,,,,,,,,,,0.00
Aurora CL,Roberts Space Industries (RSI),Ship,Transporter,Light Freight,2,1,19x8.75x4.5,26422,6,6000.000,6290,138,1093,50,50,156,,,,,,45000,583,Bubble,-53%,,,,,,4 500,3 000,,,"$487,600","Fits in a Carrack,Fits in an 890j,Fits in a Hercules,Variant,Bed,Interior",New Deal,9.17,4,,,,,1,77,,,150,37,201,64.00,,,LightFire,119.05,0.000,6.00
Aurora ES,Roberts Space Industries (RSI),Ship,Multi-Role,Starter / Pathfinder,2,1,19x8.75x4.5,26486,3,650.000,6290,143,1141,50,50,156,,,,,,45000,583,Bubble,-53%,,,,,,4 500,3 000,,,"$124,100","Fits in a Carrack,Fits in an 890j,Fits in a Hercules,Variant,Bed,Interior",New Deal,9.15,4,,,,,1,77,2,,150,37,,64.00,,,LightFire,119.05,0.000,0.65
Aurora LN,Roberts Space Industries (RSI),Ship,Combat,Light Fighter,2,1,19x8.75x4.5,28714,3,650.000,6290,138,1208,50,50,156,,,,,,45000,583,Bubble,-53%,,,,,20%,4 500,3 000,,,"$338,400","Fits in a Carrack,Fits in an 890j,Fits in a Hercules,Variant,Bed,Interior",New Deal,8.44,2,2,,,,1,77,2,,999999999,34,,64.00,,,LightFire,119.05,0.000,0.65
Aurora LX,Roberts Space Industries (RSI),Ship,Exploration,Pathfinder,2,1,19x8.75x4.5,26736,3,650.000,6290,143,1199,50,50,156,,,,,,45000,700,Bubble,-53%,,,,,,4 500,3 000,,,"$245,500","Fits in a Carrack,Fits in an 890j,Fits in a Hercules,Variant,Bed,Interior",New Deal,9.06,4,,,,,1,93,,,150,37,201,76.80,,,LightFire,142.86,0.000,0.65
Aurora MR,Roberts Space Industries (RSI),Ship,Combat,Light Fighter,2,1,19x8.75x4.5,27893,3,650.000,6290,147,1212,52,52,158,,,,,,45000,583,Bubble,-53%,,,,,,4 500,3 000,,,"$184,900","Fits in a Carrack,Fits in an 890j,Fits in a Hercules,Bed,Interior",New Deal,8.69,4,,,,,1,77,3,,999999999,34,202,64.00,,,LightFire,119.05,0.000,0.65
Constellation Andromeda,Roberts Space Industries (RSI),Ship,Multi-Role,Medium Freight / Gun Ship,4,1,63.5x27.75x15.25,430057,96,96000.000,181344,144,911,25,25,65,,,,,,660000,3000,Quadrant,-53%,,,,,,45 000,15 000,40 000,6 000,"$3,548,000","Bed,Interior",New Deal,4.72,,,,2,2,2,357,2,,999999999,50,270,458.72,125.10,,SparkFire,550.46,0.000,96.00
Constellation Aquila,Roberts Space Industries (RSI),Ship,Exploration,Expedition,4,1,63.5x27.75x15.25,449743,96,96000.000,181344,146,988,25,25,65,,,,,,1045000,3000,Quadrant,-53%,,,,,,45 000,15 000,40 000,6 000,"$4,926,700","Variant,Bed,Interior",New Deal,4.52,,,,2,2,2,357,2,,174,93,270,458.72,125.10,,SparkFire,550.46,0.000,96.00
Constellation Phoenix,Roberts Space Industries (RSI),Ship,Multi-Role,Luxury,4,1,63.5x27.75x15.25,427001,96,8000.000,161845,144,911,25,25,65,,,,,,660000,3000,Quadrant,-53%,,,,,,45 000,15 000,40 000,6 000,"$5,658,800","Variant,Bed,Interior",New Deal,4.76,,,,2,2,2,357,2,,999999999,50,270,458.72,125.10,,SparkFire,550.46,0.000,8.00
Constellation Phoenix Emerald,Roberts Space Industries (RSI),Ship,Multi-Role,Luxury,4,1,63.5x27.75x15.25,427001,96,8000.000,161845,144,911,25,25,65,,,,,,660000,3000,Quadrant,-53%,,,,,,45 000,15 000,40 000,6 000,,,,,,,,,,,,,,,,,,,,,,0.000,8.00
Constellation Taurus,Roberts Space Industries (RSI),Ship,Transporter,Medium Freight,4,1,70x27.75x15.25,427001,174,8000.000,137740,144,911,25,25,65,,,,,,660000,3000,Quadrant,-53%,,,,,,45 000,15 000,40 000,6 000,"$3,256,400","Variant,Bed,Interior",n/a,4.76,,,,2,2,2,357,2,,110,59,270,458.72,125.10,,SparkFire,550.46,0.000,8.00
Galaxy,Roberts Space Industries (RSI),,,,,,,,,,,,,,,,,,,,,,,,,,,,,,,,,,,Concept,,,,,,,,,,,,,,,,,,,,,0.00
Mantis,Roberts Space Industries (RSI),Ship,Combat,Interdiction,2,1,30x17x7.5,228123,0,650.000,11450,168,1320,40,37,175,,,,,,632250,583,Bubble,-53%,,,,,,4 500,3 000,,,"$1,230,000","Bed,Interior",New Deal,10.01,,,2,,,1,77,3,,999999999,51,350,31.33,,,LightFire,119.05,0.000,0.65
Scorpius,Roberts Space Industries (RSI),Ship,Combat,Heavy Fighter,2,2,32x24x13,97562,0,0.000,43660,218,1250,42,37,144,,,,,,135000,583,FrontBack,-53%,,,,,,10 000,3 000,20 000,3 000,"$2,879,700",,,9.26,,,4,,,1,77,5,,,,351,64.00,,,LightFire,119.05,3.000,0.00
Scorpius Antares,Roberts Space Industries (RSI),Ship,Combat,Heavy Fighter,2,2,32x24x13,97562,0,0.000,43660,238,1303,40,35,150,,,,,,135000,583,FrontBack,-53%,,,,,,10 000,3 000,20 000,3 000,,,,9.26,,,4,,,1,77,5,,,,351,64.00,,"1. Main Engine
2. Main Engine
3. Main Engine
4. Main Engine
",LightFire,119.05,3.000,0.00
Ursa,Roberts Space Industries (RSI),Vehicle,Ground,Ground,3,2,8.75x6x3.5,11972,2,650.000,22900,,,,,,29,,8,12,12,,,Bubble,,,,,,,4 500,3 000,60 000,100 000,"$66,300","Ground Vehicle,Fits in a Hercules",New Deal,,,,,,,0,0,,,,,,,,,,,0.000,0.65
Ursa Fortuna,Roberts Space Industries (RSI),Vehicle,Ground,Ground,3,2,8.75x6x3.5,11972,2,650.000,22900,,,,,,29,,8,12,12,,,Bubble,,,,,,,4 500,3 000,60 000,100 000,,,,,,,,,,,,,,,,,,,,,,0.000,0.65
Cyclone,Tumbril Land Systems (TMBL),Vehicle,Ground,Transporter,1,1,8.75x6x3.5,3084,1,650.000,5401,,,,,,34,,5,10,20,,,Bubble,-50%,,,,,,4 500,3 000,,,"$26,500","Ground Vehicle,Fits in a Hercules",New Deal,,,,,,,0,0,,,,,,,,,,,0.100,0.65
Cyclone AA,Tumbril Land Systems (TMBL),Vehicle,Ground,Support,1,1,8.75x6x3.5,2175,0,0.000,5401,,,,,,31,,12,24,28,,,Bubble,-50%,,,,,,4 500,3 000,,,"$26,500","Ground Vehicle,Fits in a Hercules",New Deal,,,,,,,,,,,,,,,,,,,0.100,0.00
Cyclone MT,Tumbril Land Systems (TMBL),Vehicle,Ground,Combat,1,1,8.75x6x3.5,2158,0,0.000,5401,,,,,,30,,11,22,26,,,Bubble,-10%,-10%,,,,,,,,,"$26,500","Ground Vehicle,Fits in a Hercules",New Deal,,,,,,,,,,,,,,,,,,,0.100,0.00
Cyclone RC,Tumbril Land Systems (TMBL),Vehicle,Ground,Racing,1,1,8.75x6x3.5,2175,0,0.000,5401,,,,,,38,55,16,30,34,,,Bubble,-50%,,,,,,4 500,3 000,,,"$26,500","Ground Vehicle,Fits in a Hercules",New Deal,,,,,,,0,0,,,,,,,,,,,0.100,0.00
Cyclone RN,Tumbril Land Systems (TMBL),Vehicle,Ground,Exploration,1,1,8.75x6x3.5,2175,0,0.000,5401,,,,,,35,,12,24,28,,,Bubble,-50%,,,,,,4 500,3 000,,,"$26,500","Ground Vehicle,Fits in a Hercules",New Deal,,,,,,,0,0,,,,,,,,,,,0.100,0.00
Cyclone TR,Tumbril Land Systems (TMBL),Vehicle,Ground,Combat,1,1,8.75x6x3.5,2158,0,0.000,5401,,,,,,32,,12,24,28,,,Bubble,-10%,-10%,,,,,,,,,"$26,500","Ground Vehicle,Fits in a Hercules",New Deal,,,,,,,0,0,,,,,,,,,,,0.100,0.00
Nova,Tumbril Land Systems (TMBL),Vehicle,Ground,Combat,4,1,17x7x5.5,73190,0,1000.000,87600,,,,,,,,,,,,,Bubble,-10%,-10%,,,,,4 500,3 000,60 000,100 000,"$515,200","Ground Vehicle,Fits in a Hercules",New Deal,,,,,,,0,0,,,,,,,,,,,0.000,1.00
Scythe,Vanduul (VNCL),Ship,Combat,Medium Fighter,3,1,33x24x9,72091,0,0.000,12401,195,1231,35,35,135,,,,,,1045000,583,Bubble,-52%,,,,,,10 000,3 000,60 000,100 000,,,,10.08,,,,,,1,,1,Bucks like a bronco at top speed,999999999,22,440,31.33,,,LightFire,119.05,0.250,0.00